Configuration,Experiment,Samples/Sec,Step Time (s),GPU Util (%),GPU Power (W),CPU (%),Memory (%),Kernel Tweaks
one_node_one_gpu,base,1.925417427652733,0.6129581993569132,93.69581993569132,61.15337620578778,9.963729903536978,2.5475884244372993,No tweaks
one_node_two_gpu,base,1.7511249003984062,0.657371181938911,53.177954847277555,,9.297211155378486,2.6,No tweaks
